node,degree,shell_index,harmonic_closeness,approx_betweenness,approx_eigenvector
0,42,27,44.333333333333364,130.4617001502683,0.018713602445278296
1,50,28,45.75000000000002,163.8506495198917,0.029172372950539403
2,93,32,49.416666666666686,454.5654708438565,0.05296324220646911
3,69,32,45.75000000000001,147.7144734095487,0.04681450971934901
4,94,32,48.916666666666686,414.71338130575447,0.060403317937188124
5,169,32,53.166666666666664,2452.438575505131,0.07930172478458025
6,113,31,50.91666666666668,1001.018189557927,0.05047529009629796
7,70,23,47.083333333333336,259.6887114029201,0.02288142160283861
8,35,21,47.41666666666667,61.11568355087597,0.015662599166892607
9,38,20,40.533333333333324,34.60724820060709,0.006951032342423818
10,47,29,46.41666666666668,169.21672476083472,0.035295496822067444
11,74,27,48.16666666666668,498.1541440185093,0.03152719863628942
12,56,25,46.75000000000001,415.1041702242007,0.029696566989071506
13,178,33,60.166666666666664,2652.0602073817363,0.08552731369805626
14,78,28,48.91666666666667,180.6199727081696,0.03673138257969996
15,50,25,45.41666666666668,265.4469685136942,0.03097819804673741
16,74,34,49.00000000000001,175.86969667420547,0.057299368132189325
17,109,34,52.58333333333334,517.7881141361427,0.07587187479357584
18,54,29,48.25000000000001,209.30855922869264,0.038269006077244296
19,70,29,48.91666666666668,214.05334331828,0.041932512548346665
20,72,32,49.58333333333334,333.72171150259095,0.05047196603034197
21,136,34,55.916666666666664,691.1380239024749,0.09823267023667541
22,13,12,41.41666666666668,4.759876982594904,0.007631572448911809
23,79,33,50.91666666666667,265.0074319667327,0.0583981283180691
24,38,26,41.75000000000002,80.33226400297063,0.017788622485007465
25,33,26,45.41666666666667,30.988790406377742,0.019580579676328095
26,33,26,42.833333333333336,26.74905051928739,0.013916616533351182
27,61,29,46.83333333333334,182.60041561929458,0.032311430115723565
28,103,34,52.08333333333335,342.26011527646017,0.08290755215047622
29,56,29,48.00000000000001,119.88770605648871,0.034759303513616426
30,66,32,48.083333333333336,137.9844479661132,0.04708199601734639
31,48,29,44.33333333333334,33.499744110323824,0.033929075936588185
32,33,26,42.83333333333334,11.15170854056042,0.017451399924319825
33,28,26,41.583333333333336,13.014299440081924,0.01567068104819169
34,29,26,40.75000000000001,6.599897304903456,0.014015283732938434
35,57,29,48.08333333333334,75.63435040265965,0.0412101480898578
36,43,29,48.08333333333334,50.56975646466436,0.03495082296442769
37,35,26,41.91666666666668,49.27359286231627,0.014133532494896971
38,45,27,44.83333333333336,198.2201254005617,0.021431177598075467
39,34,27,43.58333333333335,18.51780132667219,0.01935523695662174
40,58,29,46.166666666666686,86.80863518293172,0.02445650280732992
41,89,34,50.33333333333334,207.32323160394841,0.06708444819374519
42,73,34,49.75,87.03128820361344,0.06048700775606836
43,12,12,36.533333333333324,0.09612873893537233,0.0023947797269786865
44,104,34,52.91666666666668,1153.5869102258448,0.06623489536244018
45,46,25,44.86666666666668,172.42203048330407,0.029242923003051893
46,71,34,46.500000000000014,344.4446919714896,0.055863969760554785
47,49,29,46.66666666666668,84.65786827746552,0.029943322886301367
48,57,29,45.91666666666669,79.67512353113801,0.028415581526047617
49,13,13,39.41666666666668,1.4501587852191784,0.006926208045818674
50,15,13,41.50000000000001,0.9871335558290004,0.008323833605488575
51,67,29,48.33333333333334,130.65500948393,0.03968985531032336
52,24,18,42.333333333333364,136.26664067034727,0.00969899911058097
53,40,27,44.58333333333335,37.56463231643386,0.02301386443311852
54,49,30,45.166666666666686,104.86696885397082,0.029313807154240056
55,41,30,45.08333333333334,144.44303431147728,0.026023556389571587
56,46,30,44.00000000000002,28.401550637266677,0.024405629678927072
57,65,30,45.33333333333336,245.40370052724575,0.03351110846100114
58,124,34,51.58333333333335,602.6667335178693,0.08561051855890599
59,51,30,43.666666666666686,58.903790344148256,0.02475098290631701
60,53,27,45.6666666666667,44.61155945305515,0.020655879508001303
61,69,27,49.08333333333335,246.53430754172123,0.026778409390450675
62,214,34,57.25,1834.9106913379974,0.13135675767985722
63,123,34,50.25000000000001,553.3333630122221,0.08579147598823993
64,168,34,58.083333333333336,2679.1699940585427,0.08977895539504732
65,89,28,48.75000000000001,1379.8886308799888,0.03980450868136541
66,34,23,46.58333333333335,53.294371958800696,0.017791445143529223
67,9,9,42.666666666666664,0.42607819394061947,0.00726101284790166
68,46,30,48.583333333333336,41.1608093246994,0.03989123782179211
69,62,29,49.08333333333335,403.6586152725944,0.038342967803180285
70,18,17,41.50000000000001,2.9506521935287515,0.014386492367772766
71,16,13,40.16666666666667,8.28902327888781,0.008818121250024354
72,8,7,37.0,97.02815934065934,0.004572927555757575
73,29,21,44.500000000000014,65.54259749790032,0.0122202231922104
74,91,32,49.58333333333335,521.9921904869145,0.0511522177745432
75,20,18,41.25000000000001,12.513523234709181,0.009559619248176571
76,22,20,40.58333333333334,32.701796141285016,0.010875411978934236
77,25,21,43.0,33.158949626786125,0.02319696558533655
78,23,21,45.08333333333335,14.510431516036396,0.02206622342466795
79,42,28,48.91666666666668,46.10941305605198,0.031818913037785036
80,70,32,48.25000000000001,160.7771259384985,0.055423453007684524
81,111,34,53.083333333333336,978.9015979855045,0.08845945863357195
82,231,34,60.75,2498.8879360425726,0.1451290196313108
83,139,34,53.583333333333336,554.5480640119041,0.10246711220736289
84,130,33,54.83333333333334,1835.02165821084,0.06647892546291279
85,37,25,45.83333333333335,54.81457476085143,0.01808554424180778
86,216,34,56.49999999999999,3401.888470004277,0.11210203376463206
87,137,34,54.916666666666664,876.38799338298,0.10533643698094194
88,31,24,45.91666666666669,1138.1943327885442,0.022103730744394794
89,69,31,48.41666666666668,275.8834604157949,0.04314931006382717
90,27,21,45.75000000000002,30.398757082258964,0.020481141741437888
91,29,21,45.00000000000002,51.14442888965715,0.01760488776804227
92,42,25,47.000000000000014,133.89429561726712,0.020683675501103574
93,85,32,49.833333333333336,166.41656587634046,0.05112244193483869
94,42,26,46.16666666666668,33.077140992686545,0.019580582719709593
95,46,27,47.000000000000014,105.43223848692979,0.024356050420364372
96,118,32,52.00000000000002,1351.5323248244501,0.06419905415166573
97,23,16,40.91666666666667,18.247089922975704,0.009105533438554013
98,23,17,43.66666666666668,13.923257051480244,0.013143705315220877
99,27,19,43.750000000000014,26.882528388010922,0.019509695572213413
100,39,20,46.000000000000014,361.273735213241,0.020718608426825137
101,27,19,40.83333333333334,49.14556186568548,0.01226496072670983
102,21,17,39.916666666666686,57.69646210987333,0.009983854804933353
103,50,27,46.33333333333335,91.27702970293323,0.022365793674379675
104,31,26,44.41666666666668,7.406466906261466,0.014697044558082795
105,144,34,56.916666666666664,662.913234229053,0.1093090833570106
106,140,34,53.583333333333336,888.240366138238,0.09947902512385026
107,219,34,59.25,2783.0580384980613,0.13973057260597546
108,41,26,47.33333333333334,98.072974755528,0.023815292017137217
109,5,5,38.24999999999998,0.00425531914893617,0.004772241822863355
110,9,8,39.41666666666667,3.256333626692718,0.0057161370270732235
111,8,8,38.416666666666664,0.9242063519146062,0.003799348674756204
112,19,17,42.58333333333334,13.832820294565309,0.007998886553247006
113,85,32,50.333333333333336,254.37430796058814,0.05479888009406383
114,140,34,52.833333333333336,1153.9639970920155,0.10527648969041764
115,129,34,53.5,440.9225609425914,0.09836037777476313
116,81,32,48.33333333333334,265.95943533844337,0.0517756158236338
117,18,17,44.58333333333335,17.046118377486795,0.015741533796321507
118,30,23,46.33333333333336,100.97357735439783,0.019912697814110564
119,14,13,38.916666666666664,7.192644332024447,0.006637260999342689
120,17,16,41.416666666666686,7.340609014100558,0.008845659275895805
121,232,34,61.58333333333333,3071.8272810022236,0.1482894385340367
122,25,20,40.41666666666668,24.153366691960716,0.008564312724426657
123,34,26,45.166666666666686,31.406287711641184,0.022968463662205146
124,42,21,45.366666666666696,123.77617394371097,0.021236237833704145
125,27,17,43.66666666666667,204.9198713568016,0.016075304864695814
126,33,27,43.08333333333335,39.765361593939666,0.01923997641592895
127,28,22,45.16666666666668,30.64741225868146,0.02357697151370576
128,144,34,55.41666666666668,590.8128501892453,0.10520284382436691
129,162,34,56.75000000000001,1063.0563492860756,0.10877061647240506
130,35,24,45.50000000000003,121.13807245110247,0.020619602743936722
131,58,32,48.250000000000014,350.874738220369,0.04455641979947113
132,61,32,47.250000000000014,82.97113234588946,0.05135477504896804
133,106,33,51.16666666666668,957.8308290695936,0.06872279153974811
134,23,14,44.16666666666669,131.88937994715116,0.011973760293078442
135,36,27,46.166666666666686,12.221806962862681,0.0224986223596242
136,27,27,43.666666666666686,4.0495073221799425,0.018538003602481236
137,83,33,50.58333333333334,424.88628245026223,0.06071487573531651
138,32,27,44.66666666666668,30.993968829549434,0.019957943113929455
139,38,21,44.00000000000002,166.18419333858589,0.019496597886772847
140,39,21,44.33333333333336,160.40050527712015,0.018581051643445895
141,81,28,49.75000000000001,359.5905280228922,0.03708672292138547
142,139,34,53.25,675.3063847168959,0.10264535284573514
143,49,29,47.08333333333334,53.75113791420964,0.03617882950843202
144,13,13,41.000000000000014,1.1999309526751445,0.012581455666429443
145,69,34,48.75,251.57617110823307,0.061197697869722664
146,28,23,44.58333333333335,26.911479725595292,0.017768876414709995
147,50,33,47.75000000000001,25.340562923590927,0.047245930420091724
148,18,15,42.000000000000014,32.08798311486164,0.009209377568719845
149,28,20,43.833333333333364,78.06041042825053,0.0124220007275801
150,37,27,46.750000000000014,40.238482820146665,0.0177887871066624
151,44,29,45.08333333333335,39.72332708483984,0.02780986353044572
152,69,34,48.416666666666686,94.45705711869674,0.05992993958799047
153,52,34,48.75000000000001,43.32891401788555,0.05343715868786187
154,52,34,48.83333333333334,32.283643791853244,0.05021719828150786
155,78,33,50.25000000000001,448.0206332517085,0.04997509135699124
156,23,16,43.83333333333335,57.01507759754879,0.009988200396039093
157,77,27,47.00000000000003,363.9693721486142,0.025692776209094017
158,47,28,47.250000000000014,125.98159901514899,0.032687899137465476
159,36,25,45.91666666666668,74.95742191979046,0.025657227037622268
160,345,34,67.75,8475.353120784826,0.16568049058006368
161,41,24,46.283333333333346,70.33142748837749,0.02791682122934231
162,64,30,48.91666666666667,317.6793064991196,0.04095214219942492
163,52,32,48.25,131.2245338590599,0.04698276045497489
164,46,25,45.25000000000002,317.3933032383623,0.024984736361484593
165,117,34,51.83333333333334,771.6447868093736,0.07747406588874571
166,175,34,58.08333333333333,1510.5007168305642,0.11025735970243608
167,68,27,47.250000000000014,158.53400193969057,0.03060110771887486
168,75,32,49.75000000000001,505.79634530779026,0.04799275404728813
169,117,34,52.08333333333334,243.02197744698142,0.09189996666530276
170,96,34,49.75000000000001,320.34285403682117,0.06664859556859985
171,43,29,46.583333333333336,79.80776290189951,0.02682574981891422
172,90,33,52.91666666666668,254.50927746015972,0.06278188644793925
173,81,34,51.916666666666664,441.42696271358716,0.06400873113350092
174,71,32,48.41666666666668,222.44713753313243,0.049620709031981194
175,11,11,36.19999999999998,1.226020691420874,0.0068532110771795446
176,33,24,42.750000000000014,78.31499604039111,0.013150730532625072
177,52,27,45.83333333333334,284.86301872904687,0.022832489555980696
178,34,24,41.33333333333335,58.44743483595345,0.010761880553259249
179,53,27,49.25000000000002,212.46886014445846,0.030363963332142564
180,81,33,51.41666666666667,502.4378794950993,0.05474964859276447
181,59,27,45.25000000000003,131.20970701124898,0.024180160066013482
182,45,27,43.58333333333335,39.706174431956285,0.013159101283091758
183,171,34,55.916666666666664,1310.7074986153186,0.11383083497688683
184,78,34,52.74999999999999,1205.8251416915116,0.0616856661164855
185,22,16,37.53333333333333,10.352588516283555,0.005807288494242679
186,29,25,44.16666666666667,20.7550981856826,0.024324262432939968
187,54,34,49.08333333333334,34.338058538890465,0.050388008900202355
188,41,30,46.25000000000001,35.500471165881656,0.03369777229328316
189,74,30,52.75000000000001,354.9538811284972,0.04105155054516736
190,34,28,45.58333333333334,17.21299360970514,0.031710939483950276
191,60,27,48.33333333333335,581.2006348538539,0.033817262897757154
192,21,17,36.99999999999999,3.0966792972709976,0.009100189565512616
193,26,21,41.783333333333346,11.616194869736617,0.013982399378729672
194,44,29,44.66666666666667,50.11014985671888,0.024970235245948026
195,35,27,43.83333333333334,18.183401942133518,0.020317799972066543
196,33,25,45.58333333333334,28.739938038843757,0.017982607346360695
197,35,26,46.91666666666668,28.23015489261544,0.020144214368019334
198,36,26,44.250000000000014,75.3144374293224,0.021207077606044667
199,49,27,47.58333333333334,374.6009771883615,0.029651988336541202
200,34,24,44.33333333333336,81.16510253991596,0.014990510343099355
201,55,29,47.58333333333334,63.6970480468119,0.040478358906391905
202,7,7,34.74999999999999,0.15407516460148038,0.0034917637751766045
203,39,27,44.25000000000002,193.86378447682165,0.029972250661499656
204,35,25,44.66666666666667,44.58437198775187,0.017388845900466705
205,31,23,44.08333333333335,23.07297051621313,0.01529783888702406
206,59,27,49.25000000000001,198.3879226204403,0.027281499341680684
207,28,24,45.50000000000002,10.208471090815195,0.01848743211805772
208,51,30,46.75000000000001,77.3056929026852,0.0358704266325095
209,83,33,48.58333333333335,920.1375276874982,0.05743473176032501
210,84,34,49.58333333333334,299.106759257216,0.07425571811330882
211,152,34,53.750000000000014,3136.7858172899128,0.09749162146267815
212,119,34,54.08333333333334,438.81247826241133,0.10014061955479714
213,46,21,41.78333333333334,50.490200385665545,0.010562664100782434
214,51,27,45.83333333333335,166.09922214623103,0.03302813616707342
215,90,32,48.66666666666667,652.4322851453657,0.055518810409134534
216,27,20,44.53333333333334,57.50055321109143,0.016096009906375632
217,24,17,43.75000000000003,35.72833396372008,0.014559155962471725
218,66,29,46.58333333333334,192.16585317744367,0.035880074731441475
219,18,18,42.283333333333346,6.381417157612863,0.012734434832981303
220,16,16,42.33333333333334,5.882553873443661,0.01245275226922962
221,61,30,46.16666666666668,90.02390609278618,0.043172768635862585
222,70,31,49.750000000000014,223.92398231017577,0.04711675432611576
223,56,30,46.41666666666669,166.59079447904844,0.039371984847932986
224,13,13,42.20000000000001,2.728155375586891,0.009585357887580723
225,28,25,44.50000000000001,5.243616025075192,0.018871263528601474
226,63,32,48.66666666666667,103.59839085580877,0.051389782653129976
227,18,17,43.000000000000014,8.860703319072108,0.012469613415098259
228,22,21,45.750000000000014,18.305572999302196,0.016930862116053543
229,31,26,43.16666666666668,44.9074383330803,0.021893175695589868
230,21,19,44.91666666666667,123.47779797595858,0.02430343106640863
231,62,27,45.83333333333336,366.395868682709,0.024353151687389125
232,89,28,50.16666666666667,676.0969419206962,0.036075744954628716
233,64,33,49.25000000000001,428.18698679505195,0.05074804385764853
234,49,28,46.91666666666668,363.9957000482557,0.03443583474666233
235,24,20,42.83333333333336,26.328985168202042,0.012695781029456588
236,50,32,47.08333333333335,29.53536969887419,0.04381847218233894
237,29,23,43.750000000000014,37.13267937541593,0.018672970408579567
238,43,25,47.41666666666668,166.75576518518383,0.019594825759527666
239,11,11,39.583333333333336,0.2902942841244098,0.007062704862401952
240,20,19,43.36666666666668,4.325034916591382,0.011795879185126349
241,21,19,40.11666666666666,29.54118640633283,0.008744441851115524
242,32,23,44.58333333333335,170.0719481051353,0.022335643349795098
243,51,29,47.83333333333335,150.4700301276501,0.032125623320851726
244,26,23,43.9166666666667,3.655477765389892,0.01626110433209712
245,51,29,47.33333333333334,85.99003327566568,0.03632541064228908
246,17,14,37.44999999999999,9.306513640333726,0.004524850321429621
247,17,16,38.11666666666666,1.4502609346855593,0.0037676416726210617
248,26,21,42.83333333333334,53.34358622442637,0.012168338869571563
249,166,34,57.24999999999999,703.7748624449976,0.12429837339405304
250,33,27,44.25000000000003,27.926807960214244,0.015499536752573019
251,36,27,45.66666666666668,15.850334815507024,0.022085058466588606
252,119,34,52.41666666666668,501.86797964329963,0.07814312913878739
253,42,29,45.66666666666668,54.96526997178514,0.03653649230171275
254,82,34,49.41666666666668,172.5208377747982,0.06860166718853275
255,63,34,47.91666666666668,213.5763981756229,0.057550483924506055
256,127,34,53.083333333333336,460.09618301065206,0.10175228825765992
257,19,19,40.00000000000002,2.44589129783824,0.009122590881834024
258,57,29,47.08333333333334,287.3237500628775,0.03598946281185331
259,29,21,42.91666666666667,86.41708306990994,0.013668919925028696
260,21,19,41.41666666666667,26.150255486097482,0.008864494452401693
261,48,29,46.66666666666668,58.77319261214634,0.032665459682118106
262,26,18,45.08333333333334,102.74381268869686,0.011798918063087336
263,62,32,48.33333333333334,200.05672857696035,0.04395730405914764
264,36,21,44.16666666666667,97.74685916750182,0.01232739119933151
265,37,21,42.033333333333346,44.780270112684384,0.008589086102419246
266,31,20,43.166666666666686,90.25753357331703,0.00847795426822297
267,18,16,36.699999999999996,3.261890905248277,0.0035878445791020733
268,37,27,46.08333333333334,45.821895064067185,0.02194267471912855
269,82,34,50.58333333333334,712.8114773591249,0.060861249904252596
270,15,15,42.666666666666686,1.237411848514474,0.013069750765028242
271,68,32,48.16666666666669,1287.454546906853,0.04349944779943411
272,47,25,43.916666666666686,248.07875311506515,0.021528224867252865
273,29,20,41.500000000000014,46.14149308784209,0.012662466006657528
274,23,20,40.33333333333333,66.23353499491746,0.01165218694888596
275,34,24,43.83333333333334,149.32332014111898,0.0170341746290116
276,9,9,39.08333333333335,2.7346272545504147,0.004211194328749136
277,21,19,42.750000000000014,19.68816270837564,0.010370175204005324
278,54,29,48.00000000000001,98.2655860163912,0.03973546654267607
279,8,8,42.583333333333336,0.4084532913635423,0.011480491838469402
280,120,34,52.41666666666668,984.2873654343534,0.0854194892803303
281,59,32,46.250000000000014,100.24091908699347,0.04339165235252821
282,137,34,53.58333333333333,501.57366135482033,0.09913955133589028
283,140,34,52.75000000000001,753.2056363229694,0.1032331410001082
284,42,27,46.50000000000001,158.1160381985416,0.021657264931979444
285,87,32,49.91666666666668,464.40366362044955,0.0576856430414082
286,44,30,45.000000000000014,30.134813053055495,0.030149157557417258
287,22,18,43.333333333333336,16.62890353671349,0.015293067761392139
288,38,26,45.58333333333335,121.0207933974431,0.025541509758024144
289,8,8,36.66666666666667,0.5487389758455927,0.003677523890221173
290,81,34,49.083333333333336,892.7802298451402,0.06292649121803554
291,27,23,43.333333333333364,5.922756982694804,0.018116824135278587
292,36,27,45.08333333333336,44.41691027776526,0.024165585584514156
293,20,18,38.44999999999999,4.344262713423582,0.008264748657107905
294,23,21,44.78333333333335,9.06116992717929,0.01321241112704781
295,83,29,48.33333333333334,500.5772068423888,0.03899586739029538
296,71,31,47.916666666666686,117.49091350774717,0.05068498116090686
297,19,15,42.00000000000001,28.066625624409976,0.007661853686362087
298,16,14,42.366666666666674,29.549674271368122,0.009653026346019293
299,23,18,42.50000000000001,132.29504711353246,0.009922426255423066
300,74,34,48.25000000000001,161.5528902053682,0.05468981488615957
301,129,32,52.416666666666664,1309.353985903723,0.06512144501514186
302,22,22,45.66666666666668,17.507132317123364,0.018872527267940056
303,101,34,50.916666666666686,457.43377542677973,0.08142531055854782
304,29,24,45.250000000000014,41.99208150859431,0.02241721926752918
305,60,30,44.916666666666686,153.07198153838354,0.031349125757315764
306,48,29,48.916666666666664,286.47508443361727,0.03632533678607157
307,22,20,43.58333333333334,27.5309885909463,0.010138178870345259
308,39,28,45.75000000000002,90.48915072703963,0.033151696398787144
309,44,25,42.666666666666686,115.06308481986673,0.018933862665318383
310,31,25,44.41666666666668,30.99867802998482,0.025703275306290147
311,36,25,43.16666666666668,77.9273739769228,0.0191806612693682
312,29,25,44.91666666666668,34.119274223221886,0.019610854781085228
313,17,16,37.91666666666667,5.950516851450877,0.007209014050837219
314,50,30,47.25000000000001,81.52365887485696,0.03747940874812503
315,8,8,37.11666666666666,1.5090078824565794,0.0040047410485690394
316,45,27,45.33333333333336,184.56616463635305,0.02162491202522748
317,24,21,41.66666666666668,12.159432958172067,0.010606670976599345
318,59,31,47.166666666666686,100.79643959781582,0.04419204046738584
319,10,10,41.616666666666674,0.4744705498566959,0.007414028455661449
320,48,27,45.750000000000014,226.23639309385354,0.020512800997616546
321,55,27,48.41666666666668,348.67718079343854,0.019666169670942084
322,26,19,40.0,769.0840301043829,0.008893689110870502
323,34,20,45.33333333333336,59.2097690862858,0.01670486355704026
324,19,16,41.949999999999996,47.90857433167463,0.007939928529625072
325,27,24,46.416666666666686,145.2076366851653,0.017864700400094833
326,40,29,47.916666666666686,899.497275446961,0.03515106036074413
327,31,24,47.000000000000014,158.18570722707875,0.023796023113115693
328,19,18,41.33333333333333,12.149496801592843,0.009681789243165515
329,96,34,52.750000000000014,262.7111356375053,0.0772444340241531
330,9,8,37.74999999999999,8.312907747416816,0.003921754788465168
331,24,21,43.41666666666667,27.848646739243943,0.011873199524964703
332,28,19,39.61666666666665,43.06870747238053,0.005290113829302895
333,133,34,52.50000000000001,1307.695811782967,0.09498277130074353
334,19,17,35.03333333333332,14.485606308246213,0.0049200328973463365
335,24,18,36.699999999999996,349.4447830028347,0.005596716272343198
336,35,27,46.33333333333335,41.04476132490195,0.022283443961383934
337,38,29,45.66666666666668,43.14590243807308,0.027851026029786258
338,61,31,47.25000000000002,80.57583468018954,0.04478057095614707
339,58,29,45.916666666666686,42.89233423604168,0.0289154254104428
340,105,34,51.41666666666668,982.2930781387146,0.07809900979021707
341,13,13,38.03333333333334,1.271554467319624,0.005632194516378492
342,72,27,49.41666666666668,348.09565945205,0.034124059074964366
343,20,19,44.66666666666669,27.213847651204187,0.015663668691851606
344,17,15,38.08333333333335,3.8857690875975233,0.004210130923458607
345,26,20,43.83333333333334,7.9897228281501045,0.015473953469269953
346,27,23,45.50000000000002,16.127687685494728,0.019552863066336114
347,24,20,44.50000000000002,36.500262983708666,0.01234226366028762
348,4,4,34.91666666666666,0.0,0.0017382731461813492
349,22,16,43.166666666666686,58.7132311884462,0.009880447811098184
350,23,18,41.250000000000014,136.85000667315674,0.007898063840059087
351,60,30,46.00000000000002,58.75183363252552,0.04167915207373945
352,26,20,44.41666666666669,41.81882716135281,0.012181555178866649
353,41,20,46.08333333333335,555.6976062656244,0.026388821977530258
354,10,10,37.28333333333333,1.2790662121218204,0.003644060545895372
355,52,34,47.25000000000001,38.20482120416246,0.056820050335234296
356,49,31,47.25000000000001,31.95785001271621,0.04428701614323442
357,45,30,46.66666666666668,37.244498148439774,0.03972859333438246
358,53,21,44.36666666666668,99.58539306930848,0.012839992404561441
359,32,20,40.28333333333333,6.489875737712373,0.006838535491487001
360,28,21,43.11666666666667,56.580299488174816,0.013208437874893257
361,48,29,47.500000000000014,84.00000062274582,0.030422359621540915
362,68,32,48.75000000000001,187.56786703620483,0.05512056307877475
363,57,34,47.66666666666667,57.65942573744677,0.05018147820624761
364,9,9,40.25,0.9229190422595748,0.008268448249673833
365,90,34,51.916666666666664,373.96089509577394,0.06743790876544885
366,104,34,50.66666666666667,589.4125737460735,0.0745120226805433
367,82,34,49.250000000000014,205.36945580868834,0.07210116890451779
368,45,27,46.58333333333334,95.82174298502964,0.02416420840716725
369,8,7,41.16666666666667,9.964180840650776,0.006271039365301271
370,36,26,41.91666666666667,89.49137407359173,0.0154822399157216
371,86,34,50.083333333333336,110.57885637374731,0.0728404491080387
372,29,22,45.00000000000002,8.271471556469889,0.02615371254177323
373,44,28,47.08333333333334,101.29588590480934,0.029318869129520107
374,20,17,40.75000000000001,14.146204507478501,0.0067207237819368595
375,65,31,48.41666666666668,183.58908543770238,0.04558769864563998
376,49,27,45.916666666666686,206.1857996523058,0.02001611979126558
377,137,30,52.25000000000001,2412.393815904184,0.05242657148794712
378,24,22,39.00000000000001,6.1964451202561515,0.010469931109186596
379,52,27,46.58333333333335,140.82886853825582,0.020700707489742884
380,40,27,44.00000000000002,132.1243997986511,0.015280387407880212
381,33,24,42.91666666666668,163.50504870764746,0.01093029052724507
382,5,5,35.86666666666666,0.0,0.002495388075233252
383,5,5,35.449999999999996,0.0,0.0021240886818864498
384,16,16,40.250000000000014,1.5867939461679086,0.007747684373402396
385,22,22,44.08333333333336,3.8867941894301663,0.01063315805308555
386,8,8,37.866666666666674,1.4238429292407941,0.004157886061027646
387,39,26,42.58333333333334,82.73646094965395,0.01452895532328127
388,27,24,43.000000000000014,11.279832869403986,0.014686050829546715
389,43,27,44.41666666666669,167.40488819791992,0.01870032538565373
390,45,27,45.25000000000003,48.8687011905604,0.017144410069600956
391,19,19,41.08333333333335,18.260156102305668,0.006216552483738854
392,20,19,40.666666666666664,11.273854981769356,0.008737681219312482
393,82,32,51.08333333333334,391.90246162877025,0.05249774095425224
394,32,26,42.83333333333335,11.943398143908388,0.012414767282278394
395,40,27,46.58333333333335,41.26055413554448,0.02620682106971468
396,14,14,36.75,0.5302509324858073,0.005020173415638209
397,36,27,45.08333333333336,87.07849257737125,0.013838609849294772
398,4,4,34.949999999999996,0.0,0.0018070390064147122
399,18,18,41.08333333333335,3.2448753410623,0.011985255607003201
400,37,27,46.58333333333334,43.4024212642555,0.02580795229696405
401,49,25,46.000000000000014,528.9956417491419,0.030293005472403566
402,8,8,40.83333333333335,6.934283538614199,0.004883483238696717
403,18,18,41.08333333333334,10.063442742983733,0.009874038133832485
404,82,34,50.583333333333336,235.15636059784643,0.059837941737031136
405,122,34,53.41666666666667,667.4107569688118,0.09217833437241833
406,28,19,44.53333333333334,22.451181055217564,0.008191608203531459
407,27,19,43.25000000000001,20.24604138131683,0.008638269815505287
408,54,30,43.66666666666668,199.08820803295876,0.02932832690147386
409,84,29,48.91666666666667,344.3377660674214,0.037457643181814146
410,11,11,43.03333333333334,0.7660529955565394,0.012778605329077297
411,104,32,50.83333333333335,1773.3339412263624,0.05537575261939926
412,68,30,46.91666666666667,329.8929789382934,0.03588008612615526
413,28,23,43.16666666666668,6.869059876404023,0.015814404795939388
414,10,4,32.2833333333333,315.92231067141256,5.972861533419975E-4
415,4,4,35.416666666666636,38.347868442341,0.0015091713830835143
416,3,3,36.366666666666646,0.6356602948213956,0.001503775179927699
417,63,29,48.16666666666667,376.51140291548427,0.03842896844704989
418,30,25,44.416666666666664,8.641101560484321,0.02225269029482027
419,99,34,51.083333333333336,309.16906704776727,0.07090867994826344
420,138,34,54.583333333333336,1177.4358404962115,0.0869253324114384
421,50,27,48.25000000000001,210.46019367654927,0.024948710878937227
422,45,32,47.916666666666664,66.8858229761996,0.03759612639154904
423,39,26,46.000000000000014,54.31886305684776,0.023068666192150294
424,132,34,51.75,670.2831933200947,0.09458664344701992
425,35,21,42.83333333333334,205.18685880383288,0.015043301889436608
426,58,29,45.750000000000014,61.13755932913737,0.03805858791987698
427,55,32,48.16666666666668,81.82537159387452,0.04749468651637465
428,27,20,42.166666666666686,28.492137570876867,0.011183103737582908
429,32,20,43.11666666666669,74.84475861233821,0.01469104631197462
430,52,28,47.58333333333334,367.6506421963177,0.03690334832361516
431,23,18,44.91666666666668,8.011657317135313,0.019032066213828566
432,7,7,38.666666666666664,0.0,0.004172395563714148
433,23,17,41.00000000000002,25.733729327570085,0.013573308257610465
434,183,34,57.08333333333333,1556.942155581292,0.1252034867630562
435,14,10,42.86666666666668,96.48899102147575,0.0064863433628694275
436,3,3,34.91666666666664,0.0,0.0021860081331060983
437,39,27,42.83333333333335,23.706155297370245,0.01814121624941423
438,82,32,49.58333333333334,386.9248727503555,0.0502168570676405
439,3,3,36.08333333333332,0.0,0.0027186368702538676
440,69,27,47.75000000000001,227.8684606008504,0.032385291032542306
441,55,27,48.58333333333334,174.96123634511787,0.037665031790690855
442,26,23,40.50000000000001,22.504321390479642,0.01370306999788198
443,53,29,45.08333333333336,271.07950872099144,0.02539224535197426
444,31,24,45.666666666666686,28.779427364252054,0.016671895763670584
445,29,23,46.75000000000001,39.081975853450466,0.02550163545694618
446,25,19,43.08333333333335,56.35676579881307,0.010944664569605597
447,30,20,40.75,62.12996978351651,0.009927195758895866
448,39,21,44.750000000000014,192.77058234720587,0.018185598144144405
449,1,1,24.08333333333332,0.0,7.831601416672677E-6
450,72,32,46.91666666666668,189.62585411597223,0.05192323083816612
451,13,12,36.36666666666665,2.632048043079369,0.0031205602858107267
452,40,21,44.95000000000001,163.32321835558344,0.010957617560669123
453,32,27,46.916666666666686,24.878926303064556,0.03292587932849407
454,9,9,43.41666666666668,1.5290193468394409,0.011336933259931483
455,62,29,45.08333333333335,208.86931253063162,0.029779384726669838
456,2,2,37.033333333333324,0.0,0.0023858193885439166
457,27,22,44.91666666666667,18.110054088690255,0.014535203662547236
458,47,29,46.41666666666668,187.10682959240387,0.03667475580647538
459,73,30,48.41666666666668,546.3642758782272,0.042464741509018404
460,52,30,49.25,66.27079074707143,0.03548212374732391
461,24,19,40.16666666666667,18.048148552314082,0.0078069849778568175
462,30,25,44.000000000000014,1316.4510828319385,0.024577812813492462
463,1,1,30.06666666666664,0.0,3.22263654686399E-4
464,47,29,45.41666666666668,57.71188940539359,0.036359356836177976
465,15,14,41.86666666666667,16.17828221384878,0.0068557943938556964
466,51,21,46.08333333333334,305.6719369410552,0.01622125706049397
467,24,24,44.75000000000001,13.872820975994669,0.023176327595803535
468,21,18,44.61666666666669,17.769380694844514,0.016255962375037573
469,17,16,41.00000000000001,11.094905441395955,0.009461392052439557
470,24,18,43.25,32.8499111460029,0.011293190106664621
471,14,13,43.250000000000014,7.7167070893389385,0.011432872198593192
472,7,7,35.19999999999999,1.5721670989086638,0.003016378903646705
473,108,34,53.416666666666664,628.9163763135118,0.0709441344230196
474,80,34,50.41666666666667,214.46079437644096,0.06598586675389007
475,2,2,34.28333333333331,0.06439628482972136,0.0013148362117097797
476,8,8,39.49999999999999,0.5584676058890579,0.004858588112885826
477,11,11,38.53333333333333,0.9056239995051358,0.004991748517766683
478,40,25,45.08333333333335,55.96778594353039,0.028396918714926323
479,4,4,32.166666666666636,15.967510253358336,6.738800344233146E-4
480,44,29,47.58333333333334,75.54631417712831,0.035338451873182984
481,44,30,45.66666666666668,84.72430990423163,0.027468423668522906
482,45,27,48.25000000000001,151.68305380167484,0.023510470561910073
483,44,27,46.83333333333335,86.7425568738799,0.02560209763052372
484,20,18,44.25000000000002,19.807572093886417,0.014976576646930253
485,28,23,43.083333333333336,48.56290268451156,0.015235082733412264
486,72,32,48.25000000000001,133.83741389559717,0.05098995836501721
487,15,12,38.08333333333332,5.4803868783663345,0.0027822211388866054
488,11,11,36.616666666666646,2.505429346297644,0.003079143618063499
489,35,29,45.75000000000002,53.90230585071007,0.03423740296530864
490,41,31,48.08333333333335,68.58113142968732,0.04018749083222474
491,19,17,42.950000000000024,12.693334929807204,0.007389362087718865
492,30,26,44.25000000000002,31.75783788822218,0.028732178818910496
493,86,34,48.75000000000001,513.3696176040429,0.06336994842157848
494,114,34,50.91666666666667,487.0748385834745,0.07190455763516716
495,78,34,47.91666666666667,354.24563016378687,0.06163773248867259
496,23,19,43.08333333333335,41.76508115977455,0.011043565681385582
497,17,16,41.83333333333334,7.817345986605568,0.009060047980973495
498,86,27,50.25,711.4933355414943,0.02897895844335955
499,49,21,45.41666666666667,98.71844904866136,0.011032379821432636
500,21,19,37.19999999999999,0.5597839712295257,0.004511090117586649
501,14,14,41.7,4.101962492617464,0.00565520187990321
502,23,19,39.78333333333333,10.759528183949747,0.005443569550170461
503,12,12,37.61666666666666,0.6944150866371244,0.003001682793902803
504,42,21,46.25000000000001,109.03708197696997,0.016685694320125764
505,13,12,39.86666666666666,4.3339559452147975,0.004908652267317737
506,61,27,47.58333333333334,1353.8629546878265,0.03491626118374195
507,5,5,35.66666666666665,0.0509246800413833,0.001771625054949625
508,34,25,44.41666666666666,18.196635309966634,0.0223551194013967
509,53,29,48.58333333333334,417.011358020876,0.03481559051054614
510,20,19,41.24999999999999,6.505767784974924,0.007639783337701576
511,22,18,42.41666666666669,30.267115289134036,0.009799760591064036
512,4,4,40.41666666666667,0.011494252873563218,0.0043416337616221405
513,54,32,49.08333333333335,118.30460382928017,0.03777144314388864
514,10,10,40.91666666666668,7.643294942957194,0.005225358650900216
515,43,27,43.083333333333336,75.70098529340913,0.02234389881852833
516,13,11,37.416666666666664,121.85499721275716,0.005760019406383108
517,12,11,37.416666666666664,24.854997212757183,0.005759041938204449
518,71,34,50.25000000000001,154.82325918079422,0.061816734505360196
519,21,17,43.333333333333336,23.169831402643982,0.011578019237546198
520,53,30,45.83333333333335,99.66842996424687,0.03338741546087491
521,16,11,42.00000000000001,114.95627244661168,0.00740572077783713
522,3,3,32.94999999999997,0.0,0.0010743464134164132
523,19,14,42.11666666666669,99.96358835180803,0.007415736709990807
524,1,1,26.59999999999999,0.0,5.9960109992513675E-5
525,43,21,42.25,68.0594750531302,0.011001547898150074
526,61,28,48.916666666666686,118.17181207305622,0.03629234767930887
527,17,17,41.000000000000014,10.42101812783384,0.011148717192713641
528,10,10,38.41666666666667,5.242193739707344,0.005393691283877907
529,35,20,44.45000000000001,35.15138911078651,0.01249388892921079
530,10,9,39.833333333333336,7.617198506003175,0.0051062601294898065
531,51,33,46.08333333333334,70.23614341090506,0.045598574985806745
532,19,18,40.28333333333334,10.931818425792198,0.012909741814222183
533,157,34,54.916666666666664,2379.5141321449073,0.08923238958722943
534,5,5,35.616666666666646,0.04669375875230086,0.002905525472635001
535,10,10,38.58333333333333,1.8053320872397611,0.004520267999804547
536,14,14,42.08333333333333,2.918235130521223,0.009742968920891314
537,44,27,45.41666666666668,102.68362494230456,0.019401819512534318
538,9,9,35.749999999999986,2.0412692454820958,0.002708904457182843
539,8,8,41.45000000000001,4.359273044810565,0.005065260711069325
540,9,8,41.16666666666665,6.257647906378171,0.007979260679230174
541,20,18,44.53333333333334,32.01868148847943,0.017329631043327413
542,18,18,40.16666666666667,1.7051228122753617,0.010735897028436654
543,41,26,45.500000000000014,192.66124185973476,0.027419873221781476
544,28,21,44.500000000000014,132.17937066331902,0.024935392808467863
545,25,23,40.75,27.46273370075701,0.013841310813616288
546,99,34,50.75,1931.7853524410161,0.06773416992280279
547,28,24,41.16666666666667,7.719936073693787,0.014558009179295334
548,36,28,46.08333333333336,29.067414243220956,0.032556829602647136
549,79,29,49.16666666666667,279.1597024355483,0.035175288197213384
550,27,25,44.83333333333334,12.121042030959432,0.027073321466631082
551,20,17,43.08333333333333,12.754570057697654,0.014745319621996862
552,41,30,45.83333333333335,19.152540623386106,0.029380644289639945
553,8,7,39.166666666666664,0.9689384380988421,0.004049236068266829
554,11,10,40.58333333333333,18.580394325021754,0.0052687274788282765
555,16,16,40.33333333333333,3.263634498082299,0.007560922344766471
556,8,8,37.49999999999999,16.189871120122266,0.00425493141397016
557,18,18,44.166666666666686,11.106080770463588,0.013885991570485541
558,12,12,37.33333333333333,9.00220058891096,0.002393310745535975
559,8,7,41.03333333333334,2.0899012105832253,0.008948056174297865
560,55,29,45.08333333333335,413.9980330241451,0.02674030485389324
561,1,1,30.06666666666664,0.0,3.22263654686399E-4
562,30,23,45.00000000000003,24.527154723785856,0.01600809310127929
563,19,16,40.83333333333333,26.686531350479523,0.011150591445502836
564,32,25,42.583333333333336,138.18836358529958,0.018685736610754962
565,12,12,35.69999999999998,8.310853206466964,0.002955600358553307
566,22,18,36.94999999999998,5.427386007088305,0.004137520906695744
567,4,3,36.94999999999998,2.7764766572821302,0.0029365894539754157
568,28,23,42.33333333333334,9.359998531715691,0.02176019769670012
569,39,21,41.699999999999996,48.49508719670788,0.013337259990471424
570,19,17,37.533333333333324,6.265266368373537,0.0036846874578636553
571,20,20,39.94999999999999,3.855942672216528,0.015571856815216637
572,24,18,43.66666666666667,47.82683704423669,0.01708360966579057
573,19,18,44.50000000000001,5.112836955077212,0.010484010556091862
574,4,4,34.44999999999999,0.006802721088435374,0.002236382485724523
575,11,11,38.25000000000001,3.0564850968379766,0.004708429321597309
576,19,19,43.250000000000014,7.41647427338481,0.019194550492985678
577,13,11,40.333333333333336,111.61880918112708,0.012068515398476847
578,1,1,28.383333333333308,0.0,1.582420686449808E-4
579,20,18,39.41666666666668,18.357258955091666,0.007071846110739909
580,0,0,0.0,0.0,0.0
581,30,23,45.66666666666668,34.3421468907244,0.017073299037817544
582,16,16,43.91666666666667,16.58632502800603,0.01302611957730576
583,1,1,28.56666666666665,0.0,9.710362537614343E-5
584,4,4,35.99999999999997,0.007936507936507936,0.0027234534366228523
585,11,10,39.25,4.490655159528504,0.0059519343746763775
586,25,23,39.99999999999998,12.311652309417724,0.017955354026858484
587,14,14,37.033333333333324,2.25662093500846,0.007528545507666127
588,22,20,41.33333333333334,17.632731159388054,0.011485785956111126
589,24,23,42.45000000000001,11.172661512228977,0.02452911214903114
590,27,23,41.833333333333336,32.53249536137827,0.013798788516556457
591,8,8,41.58333333333334,0.5620763605822902,0.010990269935710464
592,33,20,41.250000000000014,79.86866499699669,0.008889862847952502
593,42,26,46.166666666666686,45.722214254681084,0.019465352089741716
594,6,6,39.916666666666664,0.0,0.007759028735786416
595,1,1,29.13333333333331,0.0,1.2717304101334507E-4
596,5,5,37.16666666666665,0.10421245421245422,0.003761924873442665
597,16,15,40.78333333333333,8.929803211620202,0.012254481797641447
598,7,7,39.166666666666664,0.38365686280125794,0.003981046742506466
599,14,13,39.083333333333336,6.362259258195644,0.008047482645364189
600,11,10,37.75000000000001,1.932006163423292,0.0062358770733677415
601,38,28,48.41666666666668,54.72326288039637,0.032808533933706634
602,24,20,42.033333333333346,60.400501554167505,0.01003707074901713
603,1,1,23.58333333333332,0.0,7.831601416672677E-6
604,8,8,38.49999999999999,2.530657546253429,0.005649844981170258
605,4,3,27.56666666666665,98.24444444444444,8.258928239244912E-5
606,1,1,31.866666666666628,0.0,8.081923947966998E-4
607,33,27,46.283333333333346,29.565840188613446,0.024902625714172597
608,28,20,41.199999999999996,44.871256940948335,0.005732184771529227
609,4,4,35.499999999999986,0.0,0.003476376293816935
610,16,14,42.33333333333335,19.469430113761785,0.010665225103392172
611,26,23,45.08333333333335,106.5664032323603,0.020026694298946244
612,54,31,45.416666666666686,106.53840464878792,0.03795927473535789
613,11,8,36.11666666666665,5.67378048008646,0.002878149199014484
614,4,3,34.28333333333331,0.5825174930777356,0.0015629743807720688
615,60,32,49.250000000000014,134.94460135668555,0.0417730944661778
616,6,6,36.783333333333324,0.26008586935316735,0.002594934842541999
617,6,6,34.44999999999999,0.8283613724694516,0.0017307338271145979
618,13,12,35.16666666666666,3.365409664048372,0.003950443076927084
619,8,8,37.25,5.471424580602585,0.004636673013320435
620,2,2,35.5833333333333,0.0,0.0022949696273065665
621,17,16,43.08333333333335,40.25965637996466,0.0088964347481827
622,1,1,31.533333333333303,0.0,2.5692685525596234E-4
623,10,8,40.16666666666666,5.3902747144718495,0.005504292601964467
624,11,11,41.50000000000002,22.950718255854344,0.0069504817811950415
625,6,6,34.616666666666646,0.0,0.004552896750650445
626,1,1,35.366666666666646,0.0,0.0013811686891754482
627,14,14,42.916666666666664,15.142518988717972,0.009965304290893233
628,6,6,35.69999999999999,0.0,0.0017767333903807886
629,4,4,33.49999999999997,0.024390243902439025,0.0011486690083330647
630,2,2,32.94999999999997,0.0,0.0011498722982804892
631,2,2,33.366666666666646,0.0,0.0010894996396266748
632,3,3,31.366666666666635,0.0,5.25140829917755E-4
633,0,0,0.0,0.0,0.0
634,1,1,25.816666666666656,0.0,8.136234303735338E-5
635,11,10,35.44999999999998,97.0,0.006205194236442143
636,1,1,33.949999999999974,0.0,0.0012783076454689099
637,3,3,34.19999999999999,0.0,0.001870011574736878
638,24,21,41.28333333333334,14.47689037339564,0.014041514412873136
639,5,5,35.03333333333332,1.1915791049676079,0.0023392351304845883
640,17,16,38.833333333333336,5.629842203454825,0.007100569661039618
641,18,16,43.33333333333334,101.85875819133847,0.01733478106398536
642,19,19,42.366666666666674,1.1239762429548863,0.021939391483994836
643,13,13,38.25,3.1410532119887447,0.00775768079514164
644,15,14,41.91666666666669,7.7563196244951245,0.010840380728219589
645,5,4,33.49999999999998,12.972806162477312,9.20778297065183E-4
646,3,3,35.033333333333324,0.0,0.002588615718401865
647,12,11,41.33333333333334,8.888981317720976,0.012025744085851614
648,0,0,0.0,0.0,0.0
649,10,9,39.166666666666664,2.7477986170930735,0.005111119898944366
650,1,1,32.233333333333285,0.0,7.279612463108757E-4
651,17,15,43.50000000000002,28.526374628339312,0.011421758436720945
652,7,7,37.58333333333332,0.4261498803245989,0.004983891734413576
653,0,0,0.0,0.0,0.0
654,38,26,44.75000000000001,37.51619247750893,0.026521833646548042
655,30,26,43.16666666666668,58.04182198359012,0.01859094724392207
656,11,11,36.166666666666664,2.340765636158127,0.0024648171078567108
657,1,1,32.86666666666664,0.0,7.980111567012812E-4
658,0,0,0.0,0.0,0.0
659,1,1,33.11666666666665,0.0,6.874159246847766E-4
660,0,0,0.0,0.0,0.0
661,43,23,46.08333333333336,90.70996668852044,0.020273542600820534
662,18,16,43.16666666666667,6.524010850832521,0.014380712741040953
663,18,17,42.28333333333333,4.383879622565878,0.012154559961680167
664,11,10,39.41666666666667,3.2852048327120467,0.006908918807651209
665,27,25,42.70000000000002,11.794886769903977,0.022591851586440986
666,22,18,43.91666666666668,16.509051189431432,0.013889597804307485
667,30,25,44.16666666666668,12.7579602802279,0.02000719158576529
668,1,1,30.89999999999998,0.0,3.3688306076387934E-4
669,6,6,37.66666666666667,0.87773286341629,0.003108440089216293
670,0,0,0.0,0.0,0.0
671,30,25,42.61666666666667,11.897635276826335,0.021013103241663913
672,13,13,42.86666666666667,18.77628953410363,0.008397360389026734
673,1,1,31.866666666666628,0.0,8.081923947966998E-4
674,18,16,35.86666666666665,6.169572798872158,0.004055377937936203
675,0,0,0.0,0.0,0.0
676,4,4,39.199999999999996,2.061989872625404,0.0025658099558209507
677,2,2,35.69999999999998,0.0,0.0020304610948104463
678,14,14,37.083333333333336,3.607849255272121,0.0055592578037665825
679,18,17,42.25,12.861230280694738,0.010471511675721478
680,1,1,29.98333333333331,0.0,2.0035607387454274E-4
681,22,19,43.583333333333336,33.40942174696082,0.01239620142035757
682,3,3,32.666666666666636,0.4460838389409818,7.344440122501395E-4
683,8,8,36.11666666666666,0.0,0.005234843060588351
684,0,0,0.0,0.0,0.0
685,46,30,44.00000000000002,41.930566415441824,0.023951611686678528
686,10,10,41.333333333333336,6.619719846952741,0.007131098648775314
687,7,7,39.66666666666665,1.0381783693765072,0.006080348084269196
688,1,1,31.3833333333333,0.0,3.5952869184691056E-4
689,2,2,32.84999999999997,0.0,6.375953704184071E-4
690,20,20,44.08333333333334,5.7469263800692785,0.01788557067998945
691,0,0,0.0,0.0,0.0
692,2,2,32.033333333333296,0.0,5.896816594317887E-4
693,5,5,39.24999999999999,0.0,0.007521431689208532
694,9,9,37.449999999999996,1.2785255763466061,0.004791326313282083
695,27,21,44.000000000000014,55.90753006474514,0.01740346393774814
696,9,9,35.16666666666666,0.07131785062415417,0.004322337359618327
697,6,4,35.49999999999999,44.23885388465405,0.0014683226328645375
698,27,26,40.416666666666686,2.6758823148420783,0.014051836415430825
699,24,19,38.94999999999998,22.710226837740404,0.005180445717801603
700,30,19,41.36666666666666,27.94073458081264,0.005436590221153713
701,1,1,30.06666666666664,0.0,3.22263654686399E-4
702,2,2,36.2833333333333,0.0,0.0028233070583971644
703,0,0,0.0,0.0,0.0
704,1,1,36.11666666666664,0.0,0.0018321437271952893
705,7,7,38.283333333333324,1.225877279229248,0.0058533170374287435
706,12,10,39.24999999999999,27.65653825459305,0.005072520358457853
707,40,21,44.16666666666668,112.9030818513387,0.009034010416221025
708,18,16,41.16666666666666,5.835009328495475,0.011180612964696147
709,3,3,33.28333333333331,0.0,0.0012067481524500468
710,18,17,40.83333333333332,12.78531186472078,0.008065881691045055
711,0,0,0.0,0.0,0.0
712,4,3,33.61666666666664,97.03408450704225,0.0019441426031458133
713,3,3,35.116666666666646,0.0,0.002119131339819698
714,23,21,41.916666666666664,4.22484504841723,0.01730567367992802
715,5,5,37.83333333333333,0.6575544504820972,0.0033916905167274314
716,1,1,33.99999999999997,0.0,0.0010398022062580669
717,9,8,41.116666666666674,101.70262827540483,0.007154737382419105
718,6,6,35.499999999999986,0.39549799383319567,0.0038059231456587243
719,13,11,40.53333333333335,22.166239152577038,0.006195743054210503
720,23,19,39.749999999999986,18.3678085648533,0.005475113443768525
721,5,5,34.66666666666665,0.013873970640887934,0.002600467655285858
722,4,4,35.083333333333314,0.024390243902439025,0.0023127639184829644
723,12,9,39.49999999999999,127.19393551321669,0.003492266606152172
724,2,2,39.2,0.0,0.002759560139415655
725,13,13,38.16666666666666,0.11229762301190874,0.008099357320606387
726,18,18,43.08333333333334,2.227974849682247,0.018640642280205098
727,4,4,36.66666666666666,0.1194982558910016,0.0030276532190498234
728,16,13,41.00000000000001,34.944182535778594,0.007715238851074079
729,8,8,39.666666666666664,5.955227373174187,0.003452391449028871
730,12,12,44.08333333333335,3.0285032160215364,0.014098115088302129
731,0,0,0.0,0.0,0.0
732,0,0,0.0,0.0,0.0
733,13,9,39.45000000000002,110.55681968845171,0.004491448415267953
734,14,14,41.083333333333336,4.737476137448472,0.008833565517944354
735,7,7,34.116666666666646,0.15009875988306154,0.0019432362213888425
736,5,5,42.083333333333336,0.0,0.008442179387417214
737,1,1,31.649999999999967,0.0,5.703636341543843E-4
738,34,30,41.83333333333334,15.209365836383373,0.020393572275750345
739,6,6,38.699999999999996,0.14372440401748066,0.004647742510046607
740,4,4,39.95,0.6797372378816854,0.003800432609138457
741,5,5,34.61666666666666,0.0,0.001815282905963425
742,3,3,36.86666666666665,2.8942084377155353,0.002354314115724609
743,3,3,28.349999999999987,0.0,2.819456775281835E-4
744,0,0,0.0,0.0,0.0
745,7,6,39.03333333333334,3.2807233835138794,0.004232130423244181
746,0,0,0.0,0.0,0.0
747,39,29,47.25000000000001,51.755360864990934,0.03429651943317943
748,32,25,45.416666666666686,138.35233909576047,0.02931629795362123
749,5,5,38.08333333333333,0.04391023303439809,0.0037264834529173473
750,1,1,30.68333333333331,0.0,2.8982354737523496E-4
751,7,7,38.75000000000001,0.003067484662576687,0.005363777141712373
752,5,5,39.91666666666667,0.16269841269841268,0.0065944714776761575
753,19,17,39.33333333333333,5.510370248838651,0.009189324788467946
754,28,20,41.41666666666667,139.23227865607268,0.00987495130622822
755,1,1,33.949999999999974,0.0,0.0012783076454689099
756,24,19,42.083333333333336,35.3905055911395,0.014490570207045332
757,3,3,32.5333333333333,0.08969716919025675,0.0011800631113967732
758,13,13,39.00000000000001,9.25867638264799,0.007580513887265402
759,2,2,37.03333333333332,0.013513513513513514,0.0025011639899141158
760,4,4,33.94999999999997,4.075250766244232,0.0014842617201337675
761,1,1,32.949999999999974,0.0,6.883490688185402E-4
762,1,1,26.933333333333326,0.0,7.55252243381666E-5
763,1,1,33.99999999999997,0.0,0.0010398022062580669
764,9,9,39.7,3.5701988891136995,0.005093077834343886
765,20,18,41.08333333333332,14.765366301820762,0.008510903590496385
766,3,3,33.866666666666646,0.0,0.001278135515633689
767,6,6,40.33333333333333,0.9027737539067271,0.007400476151239815
768,15,14,37.783333333333324,32.84807140610113,0.005651836904208823
769,3,3,37.11666666666663,0.21190476190476187,0.003671816901150401
770,1,1,30.949999999999967,0.0,3.460095659462964E-4
771,8,8,41.08333333333335,0.0490825499274538,0.007849425715559712
772,0,0,0.0,0.0,0.0
773,1,1,33.94999999999997,0.0,0.0012086399822406615
774,1,1,32.533333333333296,0.0,7.563726709580947E-4
775,1,1,30.616666666666635,0.0,3.506182054128187E-4
776,28,23,42.666666666666686,24.256219046663784,0.011849810684659906
777,19,13,43.41666666666668,145.3943699037362,0.008360009609256517
778,5,5,40.49999999999999,1.3998279269944212,0.0033981124090455166
779,3,3,36.75000000000001,0.0,0.0018577545764474532
780,1,1,34.499999999999986,0.0,8.716699843079713E-4
781,3,3,32.0333333333333,0.0,4.982190522423286E-4
782,3,3,38.61666666666667,0.0,0.003066208339772634
783,8,7,39.199999999999996,0.8593113597041712,0.00742705763838321
784,1,1,32.89999999999997,0.0,7.260854436534288E-4
785,4,4,37.49999999999999,1.4015529422066062,0.0025597773783230366
786,9,9,42.366666666666674,7.938625422726497,0.006173392318305678
787,1,1,34.366666666666646,0.0,0.0012880242863257541
788,1,1,28.783333333333317,0.0,9.381273501337929E-5
789,11,10,38.75,30.57214850650992,0.0064690697230499195
790,1,1,29.816666666666638,0.0,3.269522417843604E-4
791,6,6,34.116666666666646,0.5482237482720704,0.0025171626345619103
792,1,1,36.86666666666665,0.0,0.0019443673675345696
793,5,5,34.03333333333332,0.6874935367991954,0.0011484412086098987
794,2,2,28.299999999999983,0.0,1.8999782466597032E-4
795,1,1,31.833333333333304,0.0,5.038796722292168E-4
796,4,4,37.03333333333332,0.07939273270283724,0.003841499804082929
797,5,4,35.416666666666664,52.308025960344985,0.0017512379168408898
798,0,0,0.0,0.0,0.0
799,7,6,40.7,5.49549913186245,0.005144692887568939
800,6,6,37.08333333333333,0.4282285261600027,0.0029467691100852934
801,2,2,34.333333333333314,0.0,0.0020431616322754546
802,5,5,38.94999999999999,0.3442591851342932,0.004939702648073289
803,18,16,36.866666666666646,9.288918629251713,0.009239523071536538
804,12,12,37.36666666666664,12.294917025417663,0.0025321564908570675
805,4,4,35.949999999999974,0.7832821270025879,0.0014257898351510059
806,5,5,34.94999999999998,0.0,0.0022538641410009856
807,6,6,36.41666666666666,0.1538009258966017,0.0045628022525661385
808,0,0,0.0,0.0,0.0
809,47,30,46.16666666666668,157.90957831014742,0.026537673051698064
810,17,15,40.916666666666686,22.03195523058227,0.009823427839929871
811,8,8,40.0,0.8105626605342298,0.0061431797575317
812,60,30,47.08333333333335,252.17645684428652,0.03695948043588921
813,24,18,41.50000000000001,36.988040847984365,0.01059707213473132
814,5,5,35.19999999999999,8.570979647684888,0.0016214376760646302
815,17,17,40.666666666666686,1.7601714673007924,0.009810324201316998
816,21,17,40.0,7.95101800624808,0.009587272704694326
817,5,5,33.94999999999998,0.0,0.0019493073141422382
818,13,13,44.083333333333336,1.3814841112259324,0.011609803236060994
819,5,5,33.2833333333333,0.536893935465635,0.0012606275391544236
820,128,34,54.00000000000001,663.4575266455174,0.08873964657111674
821,2,2,39.70000000000001,0.0,0.002788435186898163
822,20,18,40.91666666666668,14.88127836345459,0.010298567702651406
823,23,18,38.86666666666665,37.66052240815936,0.004549154207233675
824,1,1,31.8333333333333,0.0,4.43411108684817E-4
825,4,4,32.44999999999997,3.524399893320915,5.88496245583913E-4
826,25,21,41.28333333333334,11.605677169486576,0.012941930928550118
827,1,1,32.61666666666664,0.0,4.578211398267982E-4
828,29,24,46.08333333333335,29.832793293948434,0.02611985605381938
829,4,4,34.199999999999974,0.014143920595533498,0.0019446007390827918
830,1,1,29.783333333333314,0.0,1.436760139379319E-4
831,1,1,32.19999999999997,0.0,4.718929248399875E-4
832,25,21,41.366666666666674,5.099218422071157,0.013770937806719875
833,7,7,39.58333333333333,0.939470952787354,0.007013990707374595
834,1,1,35.61666666666664,0.0,0.0018321437271952893
835,7,7,35.58333333333332,0.813744549786934,0.0031271133912920816
836,4,4,33.11666666666664,0.15564719778429453,3.720581166505985E-4
837,1,1,35.61666666666664,0.0,0.0018321437271952893
838,2,2,31.916666666666636,0.0,6.618814702047245E-4
839,2,2,34.08333333333333,0.08060606060606061,0.0011308270333695936
840,16,16,42.16666666666668,1.779537498602166,0.010845798239249175
841,7,6,33.49999999999998,0.9583912143528017,0.0014361434617150206
842,2,2,35.749999999999986,0.0,0.0021200840103532985
843,2,2,32.366666666666625,0.0,8.635950596594358E-4
844,3,3,36.91666666666664,0.16352929477929476,0.002269411008735279
845,30,24,40.86666666666668,30.197025285176963,0.016880544092135727
846,1,1,21.43333333333332,0.0,1.0829088517114758E-6
847,27,21,41.33333333333332,16.212702067933247,0.01198050494068405
848,3,3,35.449999999999974,0.0,0.002288161876420854
849,6,6,36.783333333333324,0.41663314849001587,0.004137780676082458
850,2,2,35.19999999999998,0.13351648351648351,0.0012769248587774053
851,14,11,36.75,126.94599491621302,0.0039491599774510635
852,4,4,33.91666666666665,0.4862180367863179,9.310661158642038E-4
853,1,1,36.616666666666646,0.0,0.001902928045719763
854,7,7,40.283333333333346,0.0,0.008091742301120716
855,5,5,38.16666666666665,0.1986315707423713,0.0036466889836368173
856,66,29,48.75000000000001,201.92923654189838,0.04341907399302906
857,4,4,41.250000000000014,0.0,0.004915371990908623
858,1,1,32.283333333333296,0.0,4.762969007907506E-4
859,72,32,48.58333333333335,240.46720857471544,0.05362290342907079
860,22,18,39.75,19.152208600498444,0.010154293126463012
861,1,1,28.666666666666643,0.0,1.0355922273046065E-4
862,1,1,29.599999999999977,0.0,1.096162365294947E-4
863,1,1,30.983333333333302,0.0,4.3939677687665534E-4
864,1,1,32.89999999999997,0.0,7.260854436534288E-4
865,9,9,35.03333333333331,0.0,0.005016665412016198
866,3,3,36.24999999999997,0.016666666666666666,0.002294572717571252
867,4,4,35.16666666666664,0.17841381100726894,0.0027488936987953632
868,2,2,35.49999999999999,0.05467702795289002,0.0013087655570362133
869,6,6,34.449999999999996,0.21869163505719047,0.0013504561213406694
870,3,3,32.69999999999997,0.0,0.001116364267132709
871,1,1,30.733333333333302,0.0,3.1931793562624077E-4
872,13,13,39.41666666666668,10.8530555070486,0.005272171789248968
873,2,2,31.283333333333303,0.0,5.944485289406642E-4
874,3,3,32.69999999999997,0.0,0.001116364267132709
875,1,1,32.449999999999974,0.0,8.738947039145042E-4
876,1,1,29.116666666666646,0.0,2.4500689861193126E-4
877,9,9,41.28333333333333,0.5745652920590542,0.008795385344203988
878,4,4,34.08333333333331,0.0,0.0019352014679055673
879,1,1,30.449999999999967,0.0,2.9286438527012233E-4
880,30,27,43.61666666666669,15.633690843268283,0.02011101027410542
881,1,1,33.24999999999997,0.0,8.417763648843885E-4
882,2,2,39.86666666666667,0.0,0.0036180901386718037
883,10,10,37.25,0.10938540274865077,0.00559750819391194
884,1,1,31.283333333333296,0.0,4.704587530307166E-4
885,5,4,35.94999999999999,1.4516019188717206,0.003368152323507756
886,11,11,35.749999999999986,0.5272098358127958,0.0060033917309559835
887,3,3,32.91666666666663,0.05122915592229672,9.771540968602438E-4
888,1,1,31.283333333333296,0.0,4.704587530307166E-4
889,4,4,36.19999999999998,0.1477296181630547,0.002865959082311843
890,1,1,36.86666666666665,0.0,0.0019443673675345696
891,2,2,33.94999999999997,0.0,0.0014186131109634394
892,21,19,44.50000000000003,15.084692115135324,0.01601384473202441
893,2,2,34.44999999999997,0.0,5.651741903277917E-4
894,1,1,31.4833333333333,0.0,3.1201285497948084E-4
895,3,3,35.49999999999998,0.0,0.003129674038661856
896,30,24,45.50000000000002,16.602968847495045,0.024446956821626904
897,1,1,31.916666666666632,0.0,5.763670654698051E-4
898,2,2,31.866666666666628,0.0,6.788312270373858E-4
899,1,1,32.44999999999997,0.0,6.944526607362144E-4
900,25,18,42.58333333333335,13.894021410613755,0.014797616477139609
901,1,1,32.7833333333333,0.0,7.960918876489221E-4
902,1,1,33.99999999999997,0.0,0.0010398022062580669
903,3,3,31.91666666666663,0.0,6.446500806046215E-4
904,1,1,31.699999999999967,0.0,2.578623431607501E-4
905,8,8,35.16666666666665,0.0485890631927688,0.003199604592872228
906,5,5,40.91666666666667,0.9718366747012809,0.004856763234126639
907,12,11,37.16666666666667,13.408854238094474,0.0035488051482052063
908,26,22,39.83333333333334,37.232680172360595,0.009765291225954719
909,8,8,40.45,0.5174357167453196,0.008959694757679914
910,1,1,32.19999999999996,0.0,5.219157381920449E-4
911,3,3,35.78333333333332,0.0,0.00231593876533089
912,5,5,34.03333333333331,0.0,0.0011635905625230953
913,21,17,40.28333333333334,33.63081437965023,0.006165321844505818
914,21,18,41.33333333333334,7.637775616287039,0.012913411444948649
915,1,1,30.31666666666664,0.0,2.8100506693342676E-4
916,1,1,24.08333333333332,0.0,7.831601416672677E-6
917,27,23,41.0,9.258330181542426,0.009977244942468416
918,26,23,40.750000000000014,8.846355749816441,0.01190028207055572
919,11,11,38.16666666666665,2.2052840572530794,0.0059579203356783005
920,2,2,31.2833333333333,0.0,4.037147449985062E-4
921,11,11,37.2,2.0744681048689144,0.005962379872959018
922,23,18,41.08333333333334,20.18722259594143,0.008243783928536112
923,4,4,32.19999999999997,0.045990296803652964,5.732984337734307E-4
924,11,11,39.0,4.49964061001035,0.007047401169370577
925,17,17,39.49999999999999,4.046101359203694,0.008465130897563917
926,13,11,39.78333333333335,2.4488826440562863,0.005725931435248047
927,11,11,34.86666666666666,0.31983989051839984,0.0034185620061650576
928,1,1,33.949999999999974,0.0,0.0012783076454689099
929,12,12,33.866666666666646,3.1244494699747682,0.0029377221721450207
930,14,11,36.44999999999999,5.473211428280335,0.00430680840959265
931,15,12,37.666666666666664,6.938406171967003,0.005741005997883529
932,97,34,51.25000000000001,478.49380981050376,0.07559222464705562
933,16,15,35.366666666666646,20.57267601580405,0.004342969141064983
934,4,4,35.61666666666665,0.05252965833452973,0.0023889983018109285
935,5,5,32.033333333333296,4.229736428489533,0.0010264063847449994
936,25,18,41.75000000000001,296.8677299324062,0.009445504015931968
937,7,7,37.11666666666667,0.4347073456021321,0.0031391365193935514
938,1,1,30.61666666666664,0.0,2.62589514651572E-4
939,3,3,33.19999999999997,0.19443848834092736,8.005833795691575E-4
940,2,2,35.24999999999999,0.0,0.002049733241572843
941,1,1,33.36666666666664,0.0,5.382668943929315E-4
942,2,2,32.11666666666664,0.04235122307411464,4.04404712451918E-4
943,1,1,31.733333333333302,0.0,5.113128501812779E-4
944,1,1,30.86666666666663,0.0,3.8439455826495204E-4
945,3,3,33.999999999999964,0.0,0.0010373980380667443
946,1,1,29.816666666666638,0.0,2.2729321058024028E-4
947,8,8,36.833333333333336,0.0,0.0031645747443534026
948,1,1,29.449999999999978,0.0,1.4331771012701748E-4
949,23,22,40.66666666666668,19.192002760276786,0.012169960355324642
950,45,29,47.75000000000001,102.67882314670976,0.02820648172884639
951,9,9,36.19999999999999,0.6001252110694548,0.002191651100939069
952,6,6,36.69999999999999,0.10884078808828496,0.0034165965781221335
953,16,15,38.58333333333334,11.53150314066634,0.005658477637013551
954,7,7,39.36666666666666,0.2360274237611994,0.007747952094471965
955,7,7,37.25000000000001,1.5696347721041504,0.003643502980948831
956,15,15,39.11666666666666,7.7960844105904625,0.006642821187652794
957,10,9,34.116666666666646,0.2448895243497942,0.0021610908121898137
958,3,2,33.11666666666663,2.3363788055922234,9.624900066168621E-4
959,1,1,33.11666666666665,0.0,6.874159246847766E-4
960,1,1,33.11666666666665,0.0,6.874159246847766E-4
961,1,1,33.11666666666665,0.0,6.874159246847766E-4
962,2,2,31.11666666666664,0.1520503054242338,2.468616454827727E-4
963,40,26,47.416666666666686,83.69402599141219,0.02815713198369416
964,5,5,33.999999999999964,0.03483952702702703,0.0021598232081110912
965,1,1,28.933333333333312,0.0,1.238492196709941E-4
966,2,2,36.033333333333324,0.0,0.0018262911807186855
967,5,5,35.366666666666646,0.020754319426885798,0.001692315664947659
968,2,2,33.36666666666664,0.0,9.389234936618496E-4
969,2,2,33.699999999999974,0.0,0.0012653220320774448
970,6,6,38.75,0.9060753462062108,0.004506966734117984
971,95,28,53.08333333333333,2407.961573221345,0.0268824085849394
972,2,2,32.7833333333333,0.17463520086470904,5.373406882956189E-4
973,1,1,33.5333333333333,0.0,3.5248146562440283E-4
974,7,7,39.0,0.19355507998849042,0.004722964721898833
975,1,1,33.5333333333333,0.0,3.5248146562440283E-4
976,25,21,38.16666666666666,1.9189085543807838,0.010307163887375749
977,2,2,32.949999999999974,0.0,0.0010459471183297054
978,5,5,35.74999999999998,0.0,0.002753195810137285
979,5,5,35.69999999999998,0.23617214406203807,0.002899805485284154
980,10,9,40.166666666666686,17.180379356723012,0.005829200740028441
981,25,21,39.16666666666666,1.9189085543807838,0.010307163887375749
982,1,1,32.7833333333333,0.0,7.960918876489221E-4
983,3,3,35.66666666666665,0.0,0.003344315910980973
984,3,3,35.499999999999986,0.04,0.002179359338988585
985,1,1,30.783333333333307,0.0,2.624508781209857E-4
986,3,3,34.08333333333331,0.861850375987651,0.0013024701574332006
987,12,12,38.33333333333333,0.2774372230273335,0.007188508088640901
988,2,2,33.39999999999997,0.0,9.593294163538007E-4
989,2,2,33.78333333333331,0.0,0.0012436619030300794
990,20,18,37.16666666666666,11.869365219364305,0.010001631649212889
991,4,4,33.19999999999997,0.0,0.002095947556873614
992,1,1,35.19999999999999,0.0,0.0014261975961823586
993,1,1,29.81666666666664,0.0,3.845522566757271E-4
994,1,1,33.11666666666663,0.0,6.61830718475132E-4
995,1,1,24.933333333333326,0.0,2.549154778199584E-5
996,1,1,31.283333333333303,0.0,3.893806460774172E-4
997,3,3,32.83333333333331,0.0,7.311044580613399E-4
998,1,1,32.19999999999996,0.0,5.219157381920449E-4
999,1,1,32.19999999999996,0.0,8.02422657791931E-4
1000,6,6,38.36666666666666,0.11055808710446795,0.003230946127158755
1001,10,10,34.616666666666646,0.6610833457503698,0.003875414633127729
1002,1,1,30.616666666666635,0.0,3.506182054128187E-4
1003,1,1,32.19999999999997,0.0,4.718929248399875E-4
1004,1,1,30.533333333333307,0.0,3.4122019352246687E-4
